Time,543761864
2020/08/02 00:00:00,1
2020/08/02 00:30:00,2
2020/08/02 01:00:00,3
2020/08/02 01:30:00,4
2020/08/02 02:00:00,5
2020/08/02 02:30:00,6
2020/08/02 03:00:00,7
2020/08/02 03:30:00,8
2020/08/02 04:00:00,9
2020/08/02 04:30:00,10
2020/08/02 05:00:00,11
2020/08/02 05:30:00,12
2020/08/02 06:00:00,13
2020/08/02 06:30:00,14
2020/08/02 07:00:00,15
2020/08/02 07:30:00,16
2020/08/02 08:00:00,17
2020/08/02 08:30:00,18
2020/08/02 09:00:00,19
2020/08/02 09:30:00,20
2020/08/02 10:00:00,21
2020/08/02 10:30:00,22
2020/08/02 11:00:00,23
2020/08/02 11:30:00,24
2020/08/02 12:00:00,25
2020/08/02 12:30:00,26
2020/08/02 13:00:00,27
2020/08/02 13:30:00,28
2020/08/02 14:00:00,29
2020/08/02 14:30:00,30
2020/08/02 15:00:00,31
2020/08/02 15:30:00,32
2020/08/02 16:00:00,33
2020/08/02 16:30:00,34
2020/08/02 17:00:00,35
2020/08/02 17:30:00,36
2020/08/02 18:00:00,37
2020/08/02 18:30:00,38
2020/08/02 19:00:00,39
2020/08/02 19:30:00,40
2020/08/02 20:00:00,41
2020/08/02 20:30:00,42
2020/08/02 21:00:00,43
2020/08/02 21:30:00,44
2020/08/02 22:00:00,45
2020/08/02 22:30:00,46
2020/08/02 23:00:00,47
2020/08/02 23:30:00,48
